id,First Name,Last Name,Gender,Amount
0,Sharon,Burns,M,468
1,Vanessa,Wilson,M,176
2,Ann,Gardner,F,483
3,Michelle,Herrera,F,552
4,Joshua,Haley,F,1182
5,Monique,Burton,M,1005
6,Richard,Carney,F,586
7,Tanya,Peterson,F,205
8,Dawn,Fischer,M,454
9,Taylor,Fletcher,M,780
10,Bradley,Jones,F,513
11,Brenda,Benson,M,1223
12,Jill,Wood,M,452
13,Thomas,Hansen,M,441
14,David,Payne,F,250
15,Diana,Burns,M,24
16,Robert,Hall,M,721
17,Rachel,Melendez,M,116
18,Alexander,Hamilton,M,1196
19,Felicia,Ramirez,M,778
20,Denise,Lee,F,476
21,Adam,Taylor,M,82
22,Mark,Green,M,731
23,Jared,Miller,F,634
24,Devin,Webster,M,359
25,Michael,Nelson,M,435
26,Amanda,Carter,F,698
27,Erica,Blake,F,516
28,Sophia,Snyder,M,307
29,Linda,Richmond,F,500
30,Christopher,Smith,M,264
31,Scott,Wilson,M,931
32,Jamie,Martin,M,365
33,Catherine,Stone,M,281
34,William,Alvarado,F,517
35,Amanda,Conner,M,481
36,Jordan,Dawson,M,459
37,Deanna,Lee,M,748
38,Benjamin,Stewart,M,250
39,Michelle,Nelson,M,570
40,Katherine,King,M,81
41,Richard,Grant,M,182
42,Shannon,Ward,M,1280
43,Patricia,Obrien,M,1247
44,Emily,Hardy,M,127
45,Jeffrey,Brown,M,169
46,Scott,Weaver,F,916
47,Noah,Hull,F,948
48,Carol,Davis,M,456
49,Gregory,Taylor,F,757
50,Charles,Rodriguez,M,463
51,Melanie,Espinoza,M,727
52,Paul,Alexander,F,259
53,Jeremy,Galloway,M,6
54,Brenda,Hampton,M,564
55,Dawn,Howard,M,929
56,Emily,Gill,M,959
57,Felicia,Kelly,F,308
58,Valerie,Sullivan,M,530
59,Deborah,Stephens,M,680
60,Andrew,Watts,M,290
61,Brandon,Nguyen,M,959
62,Robert,Yates,M,303
63,Joshua,Clark,M,473
64,Darlene,Russell,M,237
65,Jessica,Walter,M,487
66,Tommy,George,M,404
67,Rickey,Watkins,M,401
68,Mitchell,Waller,M,701
69,Elizabeth,Herrera,F,1045
70,Brandon,Perez,M,944
71,Betty,Barnett,M,1156
72,Katelyn,Tyler,M,943
73,Amy,Ashley,M,1847
74,Steven,Clay,F,194
75,Daniel,Lee,F,262
76,Bobby,Smith,M,288
77,David,Moore,F,595
78,Daniel,Kaiser,M,1063
79,Daniel,Barnett,M,369
80,Emily,Lewis,M,391
81,Jacob,Monroe,M,68
82,Eric,Page,F,656
83,Bailey,Moore,M,33
84,Vicki,Tucker,F,901
85,Christopher,Andrade,M,1089
86,Jonathan,Diaz,M,854
87,Roger,Gomez,M,846
88,Joseph,Wilkins,M,453
89,Brandon,Gill,M,1123
90,Walter,Smith,M,536
91,Nicholas,Espinoza,F,344
92,Maria,Evans,F,1049
93,Mitchell,Spencer,M,670
94,Natalie,Herrera,F,381
95,Brian,Smith,M,405
96,Jessica,Ramos,M,471
97,Cristian,Moreno,M,404
98,Judy,Bailey,M,294
99,Jason,Kirby,M,112
100,Cheryl,Smith,M,223
101,Ashley,Gibson,M,130
102,Melinda,Solomon,M,428
103,Hannah,Sanchez,F,9
104,Sherry,Brown,M,653
105,Ashley,Jenkins,F,33
106,Michael,Lozano,M,497
107,Ian,Nichols,F,686
108,Rachel,Acevedo,M,343
109,Stephanie,Bates,M,424
110,Joshua,Kennedy,M,195
111,Brooke,Edwards,F,374
112,Jennifer,Torres,M,920
113,Maria,Munoz,F,118
114,Tabitha,Wilcox,M,562
115,Paula,Gonzalez,F,472
116,Laura,Mitchell,M,167
117,Michelle,Petersen,M,808
118,Breanna,Hernandez,M,591
119,Charles,Goodman,M,565
120,William,Jackson,M,325
121,Jennifer,Holt,F,184
122,Pamela,Rivera,F,728
123,George,Wilkins,M,839
124,Amanda,Welch,M,515
125,George,Schultz,M,302
126,Chelsea,Heath,M,341
127,Timothy,Dixon,M,1032
128,Kenneth,King,M,670
129,John,Adams,M,213
130,Cynthia,Mcintyre,M,941
131,Jillian,Reid,M,402
132,Kimberly,Mendez,M,1002
133,Shannon,Scott,M,169
134,Deborah,Curry,M,687
135,Greg,Cook,F,369
136,Teresa,Kelley,F,539
137,Gregory,Bishop,M,756
138,Jose,Parker,F,676
139,Phyllis,Watson,M,662
140,Melissa,Diaz,F,609
141,Monica,Doyle,M,198
142,Ashley,Turner,F,678
143,Eric,Brown,M,321
144,Reginald,James,F,980
145,Tyler,Chen,F,226
146,Kim,Larsen,M,487
147,Kerri,Webb,M,372
148,Jason,Madden,M,505
149,Juan,Bennett,M,241
150,Tyler,Brown,F,742
151,Caitlin,Fields,F,212
152,Steven,Wolfe,M,463
153,Steven,Vaughn,M,1510
154,Peter,Jones,M,552
155,Julie,Frey,M,666
156,James,Diaz,M,1214
157,Cynthia,Johnson,F,712
158,Samantha,Anderson,F,401
159,Cynthia,Werner,M,318
160,Aaron,Lewis,M,331
161,Leroy,Martinez,M,831
162,Justin,Aguirre,M,847
163,Kristi,Cochran,M,1586
164,Christopher,Baker,M,60
165,Omar,Hoffman,M,335
166,Amber,Johnson,M,803
167,Katie,Bryant,M,648
168,Jose,Morris,F,733
169,Lynn,Diaz,F,1273
170,Bryan,Villarreal,F,810
171,Rebecca,Pena,M,659
172,Keith,Lopez,M,499
173,Jason,Gibson,M,931
174,Katherine,Sanders,F,803
175,Jesus,Miles,M,507
176,Ronald,Thompson,M,18
177,Benjamin,Lee,M,295
178,Veronica,Hinton,M,1124
179,Sarah,Morgan,F,680
180,Meagan,Bates,M,191
181,Hannah,Wise,M,883
182,Ryan,Myers,F,1529
183,Megan,Smith,M,123
184,Peggy,Bryant,F,430
185,Sheila,Arias,M,20
186,Roger,Miller,M,112
187,Ashley,Harris,F,1097
188,Linda,Cobb,F,548
189,Megan,Cox,M,370
190,Connor,Fisher,M,80
191,Harold,Carter,M,544
192,Deanna,Molina,M,13
193,Sandra,Mcmahon,F,536
194,Reginald,Golden,F,220
195,Robert,Colon,M,699
196,Sean,Sanchez,M,580
197,Thomas,Burnett,M,955
198,Elizabeth,Barton,M,555
199,Richard,Foster,M,36
200,Lori,Snyder,M,754
201,William,Jones,F,106
202,Matthew,Santos,M,156
203,Megan,Abbott,F,46
204,Sheila,Smith,M,286
205,Shirley,Espinoza,F,751
206,Grace,Rowe,F,554
207,Jason,Cortez,M,773
208,Erika,Adams,M,541
209,Eric,Alexander,F,299
210,Kimberly,Fletcher,M,151
211,Cathy,Johnson,M,89
212,John,Gardner,M,566
213,Michael,Miller,F,94
214,Tiffany,Brown,M,396
215,Nathan,Brown,M,946
216,Christopher,Barr,F,85
217,Carl,Nelson,M,463
218,Scott,Wells,M,579
219,Karl,Price,M,216
220,Sherry,Wells,M,269
221,Teresa,Reyes,F,10
222,James,Rogers,M,1229
223,Joel,Cook,M,917
224,Joseph,Dunn,M,888
225,Olivia,Martinez,M,1130
226,Tiffany,Kirby,M,523
227,Jeffrey,Cortez,M,402
228,Kenneth,Harmon,M,1333
229,Lisa,Brown,F,138
230,William,Key,M,450
231,Samantha,Arnold,F,715
232,Kristina,Gutierrez,M,240
233,Tammy,Brown,M,160
234,Matthew,Hall,F,961
235,Leslie,Hill,M,733
236,Edward,Ramirez,M,420
237,Margaret,Santos,M,815
238,Angela,Andrews,F,475
239,Ian,Harper,M,702
240,Karl,Perez,F,1004
241,Joseph,Meyers,M,8
242,Michelle,Sanders,M,271
243,Jessica,Evans,F,5
244,Kevin,Roy,M,308
245,Rachel,White,M,93
246,Joshua,Williams,F,181
247,Catherine,Sutton,M,801
248,Stacy,Wilson,M,565
249,Taylor,Gomez,F,41
250,Elijah,Davis,M,268
251,Jason,Scott,F,212
252,Kevin,Watson,M,757
253,Jessica,Harmon,F,476
254,Crystal,Herrera,M,816
255,Erin,Ayala,M,568
256,Billy,Stein,M,382
257,Kenneth,Campbell,F,500
258,Gregory,Cain,M,599
259,Michelle,Koch,M,1051
260,Brian,Sullivan,F,314
261,Jason,Rodriguez,F,197
262,Nicole,Tucker,M,323
263,Jason,Page,F,628
264,Maria,Woods,M,771
265,Emma,Williams,F,879
266,Erin,Chen,M,1063
267,Stephen,Willis,M,630
268,Robert,Pineda,M,267
269,Lisa,Jackson,M,606
270,Mitchell,Valdez,F,954
271,Jeffrey,Baker,M,1152
272,Jessica,Brown,F,625
273,Jeffrey,Shaw,M,1016
274,Amanda,Green,M,292
275,Christopher,Morgan,F,288
276,Emily,Hart,M,1460
277,Robert,Barber,F,70
278,Brittany,Black,F,627
279,Tyler,Hill,M,235
280,Maria,Tran,M,1176
281,Michael,Warner,F,805
282,Linda,Brooks,M,579
283,William,Bishop,M,908
284,Katherine,Young,F,560
285,Daniel,Fox,M,1556
286,Johnny,Payne,M,759
287,Kristen,Cook,M,1084
288,Eric,Ramsey,M,538
289,Kenneth,Allen,F,144
290,Veronica,Ramirez,F,320
291,Mary,Allen,F,462
292,John,Stephens,M,842
293,Peter,Martinez,M,253
294,Jason,Wheeler,F,413
295,Michael,Watts,M,1332
296,Michael,Figueroa,M,423
297,Douglas,Spence,M,592
298,Holly,Thomas,F,97
299,Mary,Hobbs,M,75
300,Richard,Perez,M,820
301,Henry,Bernard,M,251
302,Morgan,King,F,536
303,Douglas,Rogers,F,383
304,Aaron,Lee,F,145
305,Alicia,Daniels,M,236
306,Brian,Hurst,F,23
307,Karen,Jackson,M,826
308,Joanne,Robinson,M,11
309,Jeffrey,Hill,F,671
310,Edward,Diaz,F,514
311,Michael,Edwards,M,911
312,Tara,Hoffman,M,482
313,Joanna,Powers,M,845
314,Christopher,Scott,F,189
315,Anthony,Goodman,M,160
316,Sara,Black,F,117
317,Glenn,Lam,M,678
318,Timothy,Gibbs,F,1259
319,Joshua,Lindsey,M,456
320,Lindsey,Howell,F,218
321,Julie,Gonzales,M,710
322,Samantha,Morrow,M,929
323,Michael,Scott,M,259
324,Dustin,Sanchez,F,164
325,Maria,Hunt,M,356
326,James,Johnson,M,23
327,Joseph,Kelley,M,94
328,Susan,Powell,M,384
329,Audrey,Berry,F,1048
330,Aaron,Foster,M,1593
331,Brandi,Lee,F,618
332,Travis,Johnson,M,152
333,John,Garcia,F,1224
334,Brittany,Landry,F,893
335,Elizabeth,Johnson,F,581
336,Richard,Howe,M,118
337,Shaun,Perez,M,381
338,Derrick,Raymond,M,439
339,Joshua,Arias,M,210
340,Sarah,Cole,M,626
341,Paul,Coleman,F,685
342,Thomas,Smith,M,432
343,Jorge,Allen,M,631
344,Scott,Rivera,M,177
345,Carlos,Smith,F,150
346,Amy,Graves,F,133
347,Marc,Sims,M,660
348,Cathy,Gillespie,F,145
349,Mark,Evans,M,696
350,Tammy,Romero,M,399
351,Anthony,Wood,M,456
352,Carmen,Rogers,M,581
353,Amy,Schmidt,F,175
354,Leslie,Williams,M,183
355,Gail,Schmidt,M,141
356,Howard,Smith,M,596
357,Timothy,Juarez,M,617
358,Regina,Graham,F,436
359,Steven,Adams,F,505
360,Jon,Morales,F,853
361,Luis,Lee,M,763
362,Steven,Yu,M,396
363,Christian,Ramirez,F,891
364,Michelle,Smith,M,103
365,Timothy,Michael,M,383
366,David,Waller,M,857
367,Nathan,Gentry,M,18
368,Tonya,Perez,F,1003
369,Laurie,Boyer,M,979
370,David,Black,M,332
371,Carla,Holmes,M,874
372,Cheryl,Lopez,F,757
373,Pamela,Barker,M,399
374,Jeffery,Ayers,M,67
375,Elizabeth,Wilson,M,554
376,Jack,Duncan,F,852
377,Jack,Valdez,F,398
378,Kayla,Johnson,F,170
379,Charles,Frazier,F,720
380,Cynthia,Meyer,M,1009
381,Daniel,Hunter,F,101
382,Renee,Williams,M,870
383,Matthew,Owen,F,250
384,Lindsay,Palmer,M,564
385,Rebekah,Holland,M,500
386,Sandra,Bailey,M,41
387,Brian,Santos,M,431
388,Marcus,Yang,M,544
389,Lauren,Livingston,M,713
390,Jeffrey,Graham,M,121
391,William,Miller,M,237
392,Eric,Brown,M,229
393,Thomas,Price,M,660
394,Jennifer,Wallace,M,168
395,Joseph,Sampson,F,1557
396,Jeffrey,Flores,M,434
397,Oscar,Pierce,M,834
398,Micheal,Cunningham,M,444
399,George,Ramirez,M,70
400,Jason,Fry,M,718
401,Kevin,Glover,M,693
402,Richard,Torres,M,228
403,Allison,Roth,F,1322
404,Charles,Erickson,F,442
405,James,Griffin,M,1097
406,Peter,Le,M,382
407,Jason,Maldonado,F,190
408,Alex,Richardson,M,268
409,Susan,Schmidt,M,393
410,Brianna,Martinez,F,127
411,Cheryl,Marshall,M,755
412,Amanda,Miller,M,27
413,Kelly,Lee,F,531
414,Christine,Holmes,F,964
415,Stacy,Flores,M,1226
416,Margaret,Johnson,M,447
417,Faith,Bennett,M,761
418,Lisa,Everett,F,880
419,Kevin,Robinson,F,847
420,Stephanie,Hughes,M,751
421,Thomas,Foster,M,1171
422,Amber,Montgomery,M,397
423,Kevin,Flynn,F,623
424,Devin,Ortega,M,531
425,Christopher,Rivera,F,744
426,Hannah,Rodriguez,M,573
427,Thomas,Jennings,M,20
428,John,Morton,F,88
429,Laura,Barrett,F,326
430,Jennifer,Murray,M,536
431,Joseph,Rodriguez,M,1625
432,Jamie,Clark,F,127
433,Steven,Owens,M,41
434,Marie,Adkins,M,324
435,Lauren,Johnson,F,780
436,Elizabeth,Moore,M,952
437,Holly,Ayers,F,1046
438,Gordon,Jones,F,80
439,Tiffany,Byrd,M,104
440,Blake,Martinez,F,980
441,Kevin,Gilmore,M,438
442,Brandon,Reyes,F,1404
443,Sarah,Stevens,M,593
444,Frank,Briggs,F,922
445,Travis,Singh,M,527
446,Timothy,Wallace,F,1012
447,Jonathan,Zuniga,M,476
448,Stephanie,Mcdonald,M,519
449,Peter,Harris,F,68
450,Candice,Raymond,F,683
451,Steven,Hill,M,826
452,Brittany,Ortiz,M,819
453,Taylor,White,M,664
454,Matthew,Fox,F,863
455,Alisha,Adkins,M,737
456,James,Vargas,F,913
457,Derek,Mills,M,846
458,Gary,Owens,M,856
459,Joseph,Garcia,F,590
460,Stephen,Ball,M,606
461,David,Stone,F,171
462,Laura,Johnson,M,439
463,Michael,Leonard,M,1297
464,Emily,Henderson,M,277
465,Wesley,Cunningham,M,311
466,William,Valencia,M,568
467,Randall,Jones,F,731
468,Francisco,Gonzalez,F,890
469,Thomas,Clark,F,382
470,Lindsay,Burke,M,312
471,Kristen,Hill,M,100
472,Erika,Sutton,M,106
473,Shannon,Glenn,F,1065
474,Tasha,Wong,M,404
475,Erin,Holmes,M,175
476,Andrew,Ramos,M,1352
477,Tonya,Rodriguez,M,610
478,Douglas,Chaney,M,602
479,Jessica,Harris,M,661
480,Jeffrey,Lambert,M,140
481,Steven,Wright,M,1060
482,Donna,Young,F,425
483,Lisa,Soto,M,74
484,Joseph,Ortiz,M,134
485,Jason,Wilson,F,208
486,Laurie,Dean,M,289
487,Austin,Campbell,F,994
488,David,Gonzales,M,34
489,Ronnie,Jones,F,543
490,Julie,Padilla,F,397
491,Gary,Rodriguez,M,97
492,Sheri,Jones,M,577
493,Laurie,Collins,M,280
494,Luis,Brown,F,524
495,Eileen,Lopez,M,1033
496,Jamie,Yang,M,1213
497,Matthew,Yang,M,551
498,Cynthia,Sanchez,M,1083
499,Chelsea,Estrada,F,288
500,Benjamin,Thomas,M,853
501,Bob,Soto,M,78
502,Jonathan,Jacobs,M,1036
503,Billy,Rodriguez,M,568
504,Lauren,Garcia,F,956
505,Justin,Brown,M,340
506,Terri,Franco,M,201
507,Diana,Norman,M,696
508,Michael,Rojas,M,943
509,Clarence,Rodriguez,M,27
510,Susan,Roberts,F,570
511,Thomas,Lopez,M,636
512,Tanya,Fritz,M,123
513,Casey,Henry,M,408
514,Francisco,Stanley,M,600
515,Rodney,Cook,F,509
516,Cameron,Silva,F,56
517,Ashley,Hamilton,F,563
518,George,Brewer,F,956
519,Morgan,Allen,M,973
520,Alexandria,Rodriguez,M,1274
521,Samantha,Garcia,M,51
522,William,Hodges,F,989
523,Nancy,Russell,F,489
524,Jerry,Sampson,M,928
525,Ronald,Carpenter,M,34
526,Brianna,Herman,M,148
527,Kathleen,Hamilton,M,566
528,Tammy,Cooper,M,772
529,Matthew,Blankenship,M,636
530,Jeffrey,Peck,M,370
531,James,Larson,M,415
532,Anna,Hartman,F,601
533,Joyce,Delgado,M,603
534,Julia,Rice,M,69
535,Megan,Peterson,M,304
536,Adam,Morris,F,1138
537,Erin,Brown,F,215
538,Angela,Washington,M,427
539,Theresa,Simpson,F,660
540,Christina,Wood,F,751
541,Daniel,Flores,F,649
542,Sharon,Shaw,F,799
543,Michelle,Greene,M,348
544,Rachel,Owen,M,552
545,Tammy,Yu,M,689
546,Robert,Johnson,F,469
547,Jason,King,M,84
548,Brittany,Espinoza,M,648
549,James,Hester,M,129
550,Shawn,Parker,F,34
551,Meredith,Cochran,F,1453
552,Alan,Huerta,F,205
553,Kathryn,Horton,M,457
554,Jennifer,Yu,M,925
555,Michael,Gilbert,F,843
556,John,Preston,M,321
557,Michael,Lawrence,F,136
558,Jacob,Allen,F,115
559,Carol,Hill,F,679
560,Nicole,Oliver,F,168
561,Brandon,Moody,M,749
562,Melinda,Mcclure,M,595
563,Christopher,Smith,M,964
564,Kristen,West,M,422
565,Allison,Richards,M,1053
566,Ronald,Young,M,1034
567,Veronica,Conway,M,163
568,Tony,Warner,M,912
569,Ashley,Allen,M,183
570,Mark,Roach,M,497
571,Michael,Adams,M,821
572,Morgan,Watts,M,9
573,Ralph,Brown,M,770
574,Ernest,Williams,M,121
575,Robert,Riley,M,401
576,Melinda,Bryan,M,89
577,April,Marshall,M,289
578,Beth,Barajas,M,508
579,Christina,Frost,M,1260
580,Jesse,Ramirez,F,307
581,James,Arnold,F,502
582,John,Lambert,F,413
583,Justin,Perez,M,952
584,Michelle,Hernandez,M,286
585,Valerie,Wilson,F,723
586,Preston,Ingram,M,579
587,Guy,Howard,M,513
588,Michael,Harris,M,13
589,Ashley,Mason,M,47
590,Ricardo,Haynes,F,443
591,Alyssa,Contreras,M,855
592,Robert,Aguirre,F,295
593,Renee,Reese,M,358
594,Brian,Sandoval,M,849
595,Anna,Whitaker,M,729
596,William,Santiago,M,489
597,Susan,Garcia,M,231
598,Lori,Ramirez,M,214
599,Peggy,Collins,F,1771
600,Brian,Nelson,F,989
601,Deborah,Sullivan,M,204
602,Michael,Rodgers,M,244
603,Teresa,Oliver,M,884
604,Cynthia,Anderson,F,659
605,Patrick,Martinez,M,314
606,Jessica,Ellison,M,131
607,Lisa,Lindsey,F,230
608,Daniel,Williams,M,1263
609,Gregory,Ortiz,M,978
610,Penny,Singleton,M,472
611,Karen,Schwartz,M,503
612,Helen,Schwartz,F,497
613,Joseph,Hayes,M,196
614,Sheila,Gilbert,M,205
615,Olivia,Ramirez,F,238
616,Stacy,Bennett,M,495
617,Eric,Murphy,M,342
618,Veronica,Burns,M,228
619,Laura,Alvarez,M,1006
620,Michael,Hoffman,M,1332
621,Michael,Rodriguez,M,536
622,Alexandra,Martin,M,845
623,Lance,Gonzalez,M,550
624,Mary,Rose,M,56
625,Monica,Turner,F,571
626,Luis,Franklin,M,642
627,Emily,Wright,M,123
628,Lauren,Vazquez,M,1350
629,Christine,Shaw,M,199
630,Todd,Black,M,736
631,Michael,Francis,M,1410
632,Nichole,May,M,854
633,Adam,Carr,M,483
634,Amber,Gentry,M,177
635,Randy,Jacobs,F,493
636,Micheal,Powell,F,315
637,Kyle,Johnson,M,651
638,Linda,Lowery,M,89
639,Joseph,Mckenzie,M,85
640,Jill,Smith,F,827
641,Kristine,Farmer,F,374
642,Sarah,Russell,M,224
643,Robert,Gates,M,544
644,Lance,Brock,M,1157
645,Lauren,Reynolds,M,546
646,Angela,Carroll,M,434
647,Victoria,Roy,F,150
648,Stephanie,Rice,M,308
649,Michael,Martinez,M,475
650,Alexandra,Lewis,F,849
651,Samantha,Diaz,M,1744
652,Tammy,Camacho,M,578
653,Austin,Lopez,F,443
654,Heather,Middleton,M,639
655,John,Guzman,F,785
656,Gregory,Kim,M,231
657,Lisa,Walters,M,110
658,Kathryn,Beck,M,299
659,Marco,Lewis,M,318
660,Kendra,Anderson,F,1448
661,Chad,Woods,F,276
662,Nicholas,Gordon,F,525
663,Michael,Strong,F,412
664,Micheal,Meadows,M,150
665,Amanda,Paul,M,20
666,Tony,Smith,F,425
667,Jerome,Knight,F,655
668,Zachary,Washington,M,53
669,Derek,Brown,M,244
670,Sean,Warren,M,891
671,Tyler,Sanchez,M,1542
672,Katherine,Pugh,F,291
673,Kristina,Snyder,M,560
674,Robert,Robinson,M,889
675,Marcus,King,F,1195
676,Hunter,Lewis,F,13
677,Stephen,Watson,F,230
678,Erika,Brady,M,885
679,Nicole,Johnson,M,91
680,Richard,Patton,M,416
681,Kari,Jimenez,M,881
682,Emily,Pugh,F,503
683,Steven,Tate,M,716
684,Timothy,Thomas,F,75
685,Lisa,Golden,F,1426
686,Colleen,Singleton,M,647
687,Cameron,Cox,M,607
688,Sheila,Hernandez,M,369
689,David,Gutierrez,F,46
690,Ashley,Fitzgerald,M,476
691,Nicole,Silva,M,1030
692,John,Finley,M,335
693,Drew,Johnson,M,657
694,Tyler,Schroeder,F,741
695,Jennifer,Cummings,M,1198
696,Ann,Oconnor,M,129
697,Carla,Robinson,M,114
698,Christine,Wilson,F,495
699,Dalton,Marks,M,1091
700,Marc,Liu,M,692
701,Sherri,Cantu,M,289
702,Antonio,Jackson,M,53
703,Charles,Hernandez,M,917
704,Ryan,Payne,M,842
705,Joel,Mcdonald,M,831
706,Devin,Butler,M,104
707,Dale,Barton,M,926
708,Ashley,Ali,M,929
709,Connor,Anderson,M,55
710,Denise,Davis,M,1191
711,Russell,Schultz,M,995
712,Mary,Rangel,F,290
713,John,Moreno,M,380
714,Jerry,Mcclain,F,1088
715,Breanna,Young,M,900
716,Harry,Pearson,F,75
717,James,Mills,M,117
718,Gary,Hanson,M,512
719,Stacy,Dalton,F,618
720,Cheyenne,Rodgers,M,281
721,Cheryl,Conner,M,59
722,Wyatt,Ware,M,325
723,Debbie,Allen,M,1002
724,Jonathan,Russell,F,259
725,Sandra,Wells,M,732
726,Cody,Price,M,691
727,Jeremy,Price,M,1023
728,Michael,Williams,M,1511
729,Christopher,Graves,M,1365
730,Jacob,Murphy,M,105
731,William,Wilson,M,19
732,Amy,Tran,M,628
733,Aaron,Barnes,M,898
734,Brian,Maldonado,M,555
735,Yesenia,Bartlett,F,288
736,Sonya,Tate,F,188
737,Ashley,Ball,M,190
738,Dominique,Lawrence,F,33
739,Robert,Brown,F,208
740,Dawn,Arnold,F,1984
741,Johnny,Shields,M,628
742,Eric,Edwards,M,528
743,Paul,King,F,86
744,Joshua,Ayala,F,714
745,Sandra,Hughes,F,577
746,Crystal,Jones,M,821
747,Maria,Richmond,M,1488
748,Tasha,Cohen,F,410
749,Donald,Smith,F,82
750,Steven,Hunt,F,569
751,William,Mitchell,M,906
752,Tanya,Johnston,M,505
753,Susan,Quinn,M,587
754,Thomas,Fisher,F,444
755,Jennifer,Orozco,M,862
756,Joseph,Herring,M,60
757,Anthony,Wade,M,496
758,Krystal,Anderson,M,1705
759,Matthew,Ray,M,978
760,John,Mcconnell,M,1096
761,Amy,Lee,F,1053
762,Lee,Miles,M,993
763,Patricia,Wells,F,823
764,Cynthia,Clark,F,1093
765,Todd,Doyle,M,129
766,Daniel,Herring,M,1301
767,Pamela,Harris,M,455
768,Adam,Hess,F,6
769,Donna,Watson,M,453
770,Keith,Patterson,M,231
771,Dana,Williams,M,124
772,Denise,Cunningham,M,748
773,Raven,Cochran,M,1123
774,Carl,Mendoza,F,696
775,Luis,Franco,F,423
776,Joshua,Taylor,M,1161
777,Jocelyn,Hamilton,M,87
778,Richard,Murray,M,1088
779,Daniel,Martin,F,405
780,Heather,Yang,F,825
781,Kimberly,Hoover,M,651
782,Janice,Frank,F,182
783,Douglas,Farmer,F,273
784,Joseph,Stewart,M,573
785,Kimberly,Simmons,M,547
786,Ralph,Guzman,M,306
787,Jeffrey,Schaefer,F,1099
788,Marc,Blair,M,1823
789,Charles,Brown,F,42
790,Michael,Moreno,M,4
791,Dan,Patel,M,416
792,Ronnie,Fitzpatrick,M,688
793,Jane,Patterson,M,660
794,James,Clark,F,209
795,Makayla,Mccormick,M,144
796,Carol,Frank,M,172
797,Kendra,Hammond,M,386
798,Alexander,Banks,M,53
799,David,Johnson,M,1218
800,Michael,Edwards,F,320
801,Amber,Mckenzie,F,103
802,James,Gomez,F,1251
803,Nicholas,Ellis,M,622
804,Michael,Anderson,F,652
805,Tiffany,Wilcox,F,724
806,Kristen,Simpson,M,452
807,Jessica,Peterson,F,746
808,Christine,Sanchez,M,551
809,Penny,Ramsey,M,457
810,Cameron,Ruiz,M,539
811,Michael,Warner,M,721
812,Lorraine,Clark,M,1122
813,Kimberly,Ward,M,1161
814,William,Petersen,F,775
815,Katherine,Rosales,M,803
816,Mitchell,Nelson,F,287
817,Lauren,Wilkins,M,1089
818,Nicole,Marks,M,463
819,Melanie,Potter,M,526
820,Jacqueline,Trujillo,F,753
821,Heather,Johnson,M,327
822,Miranda,Rodriguez,F,264
823,Peter,Nichols,M,584
824,Blake,Henry,M,124
825,Sarah,Hernandez,M,574
826,Rachael,Pham,M,110
827,Elizabeth,Wallace,M,1344
828,Erika,Wilson,M,759
829,Erik,Bernard,M,556
830,Mark,Yang,M,375
831,Christina,Baldwin,F,241
832,Gina,Johnson,M,353
833,Yvette,Johnson,F,20
834,Stephen,Hudson,M,454
835,Sydney,Jones,F,598
836,Jacqueline,Shelton,F,1030
837,Jeffrey,Watts,M,212
838,Jay,Wheeler,M,631
839,Nicole,Lester,M,407
840,Steven,Rogers,F,985
841,Brandi,Bauer,M,357
842,Jim,Williams,M,251
843,Steven,Beck,M,68
844,Amy,Baker,M,587
845,Joel,Webb,F,209
846,Kari,Jennings,M,59
847,Susan,Baxter,F,520
848,Angela,Nelson,M,877
849,Kyle,Davis,M,80
850,Julia,Contreras,M,178
851,Laura,Hensley,M,423
852,Erin,Gray,M,704
853,Mary,Brown,F,264
854,Zachary,Jones,M,565
855,Lawrence,Barry,M,58
856,Maria,Mcgee,M,995
857,Elizabeth,Washington,M,1231
858,Colin,Hernandez,F,517
859,Timothy,Allen,M,1285
860,Kristin,Moore,F,787
861,Carol,Thompson,M,396
862,Jose,Chambers,M,700
863,Isaac,Rowe,M,817
864,Katherine,Raymond,F,431
865,Mark,Cooper,M,325
866,Victoria,Hart,M,520
867,Lisa,Bolton,M,2104
868,Jesse,Navarro,M,368
869,Jackie,Lewis,M,709
870,Ryan,Golden,M,481
871,Gloria,Wagner,M,186
872,Lisa,Taylor,F,1060
873,Mary,Martin,M,115
874,James,Anderson,F,434
875,Logan,Holloway,M,287
876,Martin,Rice,M,601
877,Robert,Oconnor,F,438
878,Angela,Henson,F,162
879,Luke,Rose,M,670
880,Rebecca,Rodgers,F,188
881,Felicia,Bridges,M,327
882,James,Stewart,M,233
883,Robert,Cox,F,238
884,Tammy,Lee,M,646
885,Richard,Clark,F,549
886,Ryan,Bryant,F,1436
887,Christopher,Drake,F,748
888,Terri,Terry,M,611
889,David,Martinez,M,429
890,Jeffrey,Cole,M,158
891,Kathryn,Delgado,F,337
892,April,Skinner,F,490
893,Amanda,Schneider,F,368
894,Diamond,Harris,M,555
895,Charlotte,Frey,F,210
896,Tina,Brooks,M,662
897,Kelly,Vega,M,1293
898,William,Simmons,M,696
899,Courtney,Rodriguez,F,256
900,Julie,Bowman,M,161
901,Sandra,Zimmerman,F,1089
902,Cody,Frost,F,275
903,Vincent,Miller,F,293
904,Emily,Lawrence,M,904
905,Christopher,Calderon,M,293
906,Cory,Paul,M,579
907,Michael,Johnson,M,993
908,Ryan,Powell,M,392
909,Justin,Floyd,M,961
910,Julie,Moyer,M,343
911,Carolyn,Frey,F,63
912,Michael,Torres,M,899
913,Jonathan,Rodriguez,M,113
914,Richard,Berger,M,668
915,Lisa,Freeman,M,867
916,Jamie,Vargas,M,1165
917,Tony,Coffey,M,699
918,Christopher,Delgado,M,820
919,Ashley,Robertson,M,584
920,James,Wagner,M,655
921,Sarah,Ali,M,492
922,Mary,Perkins,M,646
923,Devin,Cuevas,M,80
924,Mary,Stokes,F,257
925,Jeremy,Cobb,M,808
926,Rebekah,Bailey,M,353
927,Adam,Wilson,F,156
928,Elizabeth,Mitchell,M,804
929,Alyssa,Gregory,M,4
930,Melvin,Martinez,M,123
931,Nicholas,Anderson,M,1698
932,Mariah,Le,M,1164
933,Curtis,Ross,M,799
934,Barbara,Woods,M,585
935,Cheyenne,Fernandez,F,1377
936,John,Reyes,F,192
937,Joseph,Dixon,F,348
938,Janice,Padilla,M,736
939,Adam,Romero,M,207
940,Alex,Stanley,M,605
941,Sharon,Greer,M,221
942,Tracy,Barajas,M,421
943,Mark,Alvarado,M,377
944,Dawn,Walker,M,877
945,Gary,Williams,M,875
946,John,Wilkinson,M,259
947,Kevin,Bender,M,30
948,Hannah,Conley,M,469
949,Patricia,Vargas,F,406
950,Sarah,Thompson,F,898
951,Katherine,Warren,M,811
952,Jennifer,Simmons,M,124
953,Erica,Powell,F,265
954,Grant,Flores,M,206
955,Douglas,Nicholson,M,143
956,Eric,Curtis,M,696
957,Andrew,Garcia,F,833
958,Stephen,Nicholson,M,2
959,Steven,White,M,67
960,Jennifer,Clements,M,628
961,Travis,Burns,M,508
962,Kara,White,F,461
963,Susan,Hernandez,M,146
964,John,Jackson,M,48
965,Arthur,Martin,M,331
966,Michelle,Johnson,F,1010
967,Cody,Saunders,M,923
968,Nicole,Miller,F,353
969,David,Harris,M,667
970,James,Benjamin,M,115
971,Brian,Cameron,F,381
972,Richard,King,F,157
973,Kristi,Newman,M,454
974,James,Hicks,M,655
975,Frank,Mcdaniel,M,843
976,Kevin,Williams,M,234
977,Mary,Little,M,715
978,Leah,Landry,F,1054
979,Megan,Haynes,F,216
980,Joseph,Grant,M,1221
981,Joshua,Morris,M,931
982,Timothy,Kidd,M,125
983,Wesley,Adams,F,102
984,Luis,Bradley,M,99
985,Kevin,Brown,M,884
986,Tanner,Lopez,F,726
987,Steven,Ho,M,222
988,Derrick,Williams,M,175
989,Michaela,Small,M,452
990,Hannah,Wallace,F,686
991,Christine,Marshall,M,659
992,Gabriela,Jones,F,335
993,Ricky,Parsons,F,543
994,Tammy,Stephens,M,471
995,Patrick,Golden,M,1121
996,Melissa,Price,M,648
997,Jonathan,Sanchez,F,657
998,Timothy,Huff,M,12
999,Kristy,Davies,F,693
